fecha,consultas_ira,consultas_asma,consultas_bronquitis,consultas_neumonia,consultas_total
2022-01-01,353,86,58,42,539
2022-01-02,385,93,70,42,590
2022-01-03,368,97,51,34,550
2022-01-04,345,67,37,31,480
2022-01-05,361,93,46,29,529
2022-01-06,426,104,64,35,629
2022-01-07,354,89,43,37,523
2022-01-08,369,89,50,46,554
2022-01-09,347,76,58,28,509
2022-01-10,369,72,44,37,522
2022-01-11,339,86,49,32,506
2022-01-12,316,71,43,36,466
2022-01-13,358,71,56,33,518
2022-01-14,310,83,54,35,482
2022-01-15,237,56,38,28,359
2022-01-16,349,85,43,28,505
2022-01-17,442,124,65,49,680
2022-01-18,374,87,58,45,564
2022-01-19,341,100,30,38,509
2022-01-20,336,81,51,23,491
2022-01-21,320,83,59,29,491
2022-01-22,332,77,57,34,500
2022-01-23,320,85,48,36,489
2022-01-24,315,75,44,24,458
2022-01-25,361,92,54,34,541
2022-01-26,307,72,43,26,448
2022-01-27,328,86,64,33,511
2022-01-28,384,95,42,38,559
2022-01-29,326,106,47,34,513
2022-01-30,350,75,61,38,524
2022-01-31,358,80,64,28,530
2022-02-01,344,107,43,31,525
2022-02-02,356,83,40,35,514
2022-02-03,366,96,47,44,553
2022-02-04,297,71,51,23,442
2022-02-05,374,106,43,38,561
2022-02-06,328,89,39,26,482
2022-02-07,362,93,56,37,548
2022-02-08,342,87,53,30,512
2022-02-09,418,109,53,45,625
2022-02-10,320,87,57,27,491
2022-02-11,358,93,60,45,556
2022-02-12,392,90,51,35,568
2022-02-13,382,98,59,42,581
2022-02-14,339,99,48,47,533
2022-02-15,323,72,39,34,468
2022-02-16,300,82,48,29,459
2022-02-17,315,63,43,35,456
2022-02-18,404,88,61,42,595
2022-02-19,327,83,49,26,485
2022-02-20,350,93,61,40,544
2022-02-21,301,65,49,32,447
2022-02-22,337,122,55,39,553
2022-02-23,376,100,53,41,570
2022-02-24,320,77,44,32,473
2022-02-25,408,83,66,32,589
2022-02-26,324,91,49,27,491
2022-02-27,367,98,49,37,551
2022-02-28,403,94,77,43,617
2022-03-01,346,88,46,38,518
2022-03-02,310,76,50,35,471
2022-03-03,302,72,41,26,441
2022-03-04,370,96,45,41,552
2022-03-05,389,107,46,36,578
2022-03-06,323,73,52,36,484
2022-03-07,276,68,15,22,381
2022-03-08,279,57,54,20,410
2022-03-09,306,77,57,23,463
2022-03-10,324,81,40,34,479
2022-03-11,322,74,48,30,474
2022-03-12,320,86,60,25,491
2022-03-13,324,61,47,35,467
2022-03-14,278,63,40,25,406
2022-03-15,283,79,45,24,431
2022-03-16,333,86,56,36,511
2022-03-17,217,48,38,24,327
2022-03-18,317,80,57,28,482
2022-03-19,283,68,40,33,424
2022-03-20,365,99,65,36,565
2022-03-21,288,68,45,28,429
2022-03-22,308,82,39,41,470
2022-03-23,291,60,52,33,436
2022-03-24,314,84,47,26,471
2022-03-25,255,56,46,24,381
2022-03-26,259,61,42,23,385
2022-03-27,285,73,44,25,427
2022-03-28,257,66,26,18,367
2022-03-29,292,70,46,36,444
2022-03-30,336,82,50,28,496
2022-03-31,301,72,47,25,445
2022-04-01,269,82,39,28,418
2022-04-02,346,82,53,34,515
2022-04-03,278,61,41,30,410
2022-04-04,349,96,69,31,545
2022-04-05,320,81,65,27,493
2022-04-06,277,63,24,25,389
2022-04-07,280,71,44,37,432
2022-04-08,372,87,48,39,546
2022-04-09,176,62,35,15,288
2022-04-10,225,69,32,28,354
2022-04-11,250,56,37,25,368
2022-04-12,289,78,34,28,429
2022-04-13,324,86,54,26,490
2022-04-14,259,77,41,22,399
2022-04-15,320,81,57,32,490
2022-04-16,397,116,57,44,614
2022-04-17,322,94,40,35,491
2022-04-18,350,69,43,24,486
2022-04-19,294,80,56,29,459
2022-04-20,316,65,33,31,445
2022-04-21,326,81,32,32,471
2022-04-22,263,72,42,21,398
2022-04-23,287,61,42,33,423
2022-04-24,283,75,38,24,420
2022-04-25,294,63,39,23,419
2022-04-26,309,77,40,31,457
2022-04-27,256,61,43,29,389
2022-04-28,287,65,40,17,409
2022-04-29,220,68,46,20,354
2022-04-30,336,87,75,39,537
2022-05-01,315,69,34,32,450
2022-05-02,263,51,34,20,368
2022-05-03,376,102,56,44,578
2022-05-04,280,61,54,30,425
2022-05-05,292,71,36,22,421
2022-05-06,362,109,43,39,553
2022-05-07,290,67,38,24,419
2022-05-08,363,82,56,36,537
2022-05-09,292,63,39,32,426
2022-05-10,314,68,47,35,464
2022-05-11,212,58,26,24,320
2022-05-12,258,46,25,26,355
2022-05-13,363,81,59,27,530
2022-05-14,291,60,38,29,418
2022-05-15,286,67,50,25,428
2022-05-16,261,53,43,33,390
2022-05-17,216,46,37,20,319
2022-05-18,300,68,45,29,442
2022-05-19,363,93,57,34,547
2022-05-20,283,66,45,26,420
2022-05-21,256,84,45,23,408
2022-05-22,295,69,27,24,415
2022-05-23,251,59,37,33,380
2022-05-24,288,69,49,17,423
2022-05-25,299,82,33,35,449
2022-05-26,352,83,57,46,538
2022-05-27,268,69,36,22,395
2022-05-28,353,79,53,32,517
2022-05-29,312,81,55,28,476
2022-05-30,223,45,29,24,321
2022-05-31,311,68,53,37,469
2022-06-01,306,95,39,24,464
2022-06-02,247,76,42,24,389
2022-06-03,293,61,63,29,446
2022-06-04,342,92,55,35,524
2022-06-05,366,96,69,43,574
2022-06-06,355,83,45,34,517
2022-06-07,339,95,37,41,512
2022-06-08,311,73,38,22,444
2022-06-09,354,89,42,28,513
2022-06-10,327,98,46,25,496
2022-06-11,365,88,33,36,522
2022-06-12,360,96,68,41,565
2022-06-13,376,82,76,37,571
2022-06-14,338,84,52,33,507
2022-06-15,310,72,46,28,456
2022-06-16,321,81,46,39,487
2022-06-17,263,76,49,15,403
2022-06-18,352,84,41,31,508
2022-06-19,307,94,53,37,491
2022-06-20,413,91,57,43,604
2022-06-21,286,78,40,26,430
2022-06-22,381,99,54,43,577
2022-06-23,276,75,46,26,423
2022-06-24,312,65,54,30,461
2022-06-25,358,99,48,28,533
2022-06-26,379,100,46,46,571
2022-06-27,295,90,45,29,459
2022-06-28,347,90,51,40,528
2022-06-29,310,79,43,30,462
2022-06-30,329,65,38,36,468
2022-07-01,295,71,44,31,441
2022-07-02,316,71,48,26,461
2022-07-03,431,90,72,45,638
2022-07-04,401,110,73,45,629
2022-07-05,298,61,39,29,427
2022-07-06,341,77,52,30,500
2022-07-07,338,70,43,27,478
2022-07-08,329,92,41,46,508
2022-07-09,347,88,45,38,518
2022-07-10,351,88,73,34,546
2022-07-11,436,101,65,52,654
2022-07-12,263,83,45,23,414
2022-07-13,378,104,61,29,572
2022-07-14,329,79,48,36,492
2022-07-15,341,71,54,37,503
2022-07-16,396,109,66,41,612
2022-07-17,328,65,52,33,478
2022-07-18,345,73,43,39,500
2022-07-19,365,98,54,36,553
2022-07-20,361,85,54,33,533
2022-07-21,413,100,63,38,614
2022-07-22,388,88,56,36,568
2022-07-23,390,99,66,31,586
2022-07-24,403,109,61,45,618
2022-07-25,330,96,67,31,524
2022-07-26,314,93,59,28,494
2022-07-27,342,82,40,29,493
2022-07-28,380,87,56,39,562
2022-07-29,381,85,65,37,568
2022-07-30,351,94,43,37,525
2022-07-31,360,94,56,48,558
2022-08-01,341,79,46,31,497
2022-08-02,314,90,58,28,490
2022-08-03,353,92,48,38,531
2022-08-04,367,76,67,45,555
2022-08-05,292,69,46,30,437
2022-08-06,384,116,56,34,590
2022-08-07,284,63,42,37,426
2022-08-08,386,98,57,44,585
2022-08-09,381,89,53,43,566
2022-08-10,421,123,67,40,651
2022-08-11,400,111,66,42,619
2022-08-12,363,102,65,39,569
2022-08-13,337,85,60,29,511
2022-08-14,340,81,51,40,512
2022-08-15,344,86,40,38,508
2022-08-16,339,106,48,34,527
2022-08-17,326,97,48,33,504
2022-08-18,343,87,47,35,512
2022-08-19,407,91,62,37,597
2022-08-20,336,68,45,35,484
2022-08-21,443,110,62,53,668
2022-08-22,346,64,55,32,497
2022-08-23,326,88,50,29,493
2022-08-24,342,94,56,33,525
2022-08-25,431,97,52,39,619
2022-08-26,317,81,45,33,476
2022-08-27,295,88,43,35,461
2022-08-28,328,86,53,35,502
2022-08-29,365,104,56,40,565
2022-08-30,396,113,53,48,610
2022-08-31,377,79,57,34,547
2022-09-01,389,90,54,29,562
2022-09-02,408,77,48,44,577
2022-09-03,355,93,45,35,528
2022-09-04,277,57,53,32,419
2022-09-05,299,75,46,19,439
2022-09-06,325,74,40,31,470
2022-09-07,384,102,53,41,580
2022-09-08,336,93,50,30,509
2022-09-09,323,84,55,35,497
2022-09-10,325,75,59,33,492
2022-09-11,318,72,61,32,483
2022-09-12,277,64,38,29,408
2022-09-13,309,71,46,41,467
2022-09-14,348,91,52,35,526
2022-09-15,368,81,53,28,530
2022-09-16,325,87,44,40,496
2022-09-17,272,53,42,32,399
2022-09-18,307,72,54,30,463
2022-09-19,313,87,52,23,475
2022-09-20,319,93,42,33,487
2022-09-21,301,77,40,26,444
2022-09-22,271,79,44,25,419
2022-09-23,330,54,58,24,466
2022-09-24,278,58,31,33,400
2022-09-25,323,84,48,34,489
2022-09-26,329,69,57,30,485
2022-09-27,236,54,47,27,364
2022-09-28,286,68,40,38,432
2022-09-29,274,72,49,28,423
2022-09-30,255,61,37,25,378
2022-10-01,277,69,47,27,420
2022-10-02,284,51,49,30,414
2022-10-03,272,39,57,26,394
2022-10-04,320,69,52,26,467
2022-10-05,324,100,47,33,504
2022-10-06,336,88,51,35,510
2022-10-07,363,90,56,41,550
2022-10-08,361,102,59,30,552
2022-10-09,369,80,57,33,539
2022-10-10,291,76,46,31,444
2022-10-11,370,97,53,41,561
2022-10-12,332,70,54,36,492
2022-10-13,296,87,43,30,456
2022-10-14,251,62,28,17,358
2022-10-15,353,79,45,24,501
2022-10-16,278,56,54,32,420
2022-10-17,238,82,43,22,385
2022-10-18,181,68,16,9,274
2022-10-19,383,120,68,41,612
2022-10-20,359,98,59,37,553
2022-10-21,298,73,38,28,437
2022-10-22,182,44,19,12,257
2022-10-23,280,83,49,20,432
2022-10-24,320,89,40,30,479
2022-10-25,315,69,48,24,456
2022-10-26,299,77,32,32,440
2022-10-27,320,85,49,38,492
2022-10-28,300,70,45,32,447
2022-10-29,331,83,44,29,487
2022-10-30,268,84,30,23,405
2022-10-31,276,77,39,33,425
2022-11-01,297,77,37,40,451
2022-11-02,272,71,45,29,417
2022-11-03,286,70,43,27,426
2022-11-04,342,107,46,27,522
2022-11-05,330,108,43,41,522
2022-11-06,384,90,62,46,582
2022-11-07,216,51,27,16,310
2022-11-08,274,56,41,23,394
2022-11-09,349,71,54,39,513
2022-11-10,196,52,39,13,300
2022-11-11,354,92,47,35,528
2022-11-12,329,83,53,28,493
2022-11-13,326,67,48,28,469
2022-11-14,285,83,51,31,450
2022-11-15,266,63,49,27,405
2022-11-16,398,103,61,38,600
2022-11-17,291,71,49,33,444
2022-11-18,268,53,25,29,375
2022-11-19,275,47,44,39,405
2022-11-20,338,92,51,33,514
2022-11-21,322,77,50,33,482
2022-11-22,263,75,38,22,398
2022-11-23,287,62,43,28,420
2022-11-24,306,81,45,34,466
2022-11-25,341,90,51,27,509
2022-11-26,241,57,31,23,352
2022-11-27,292,78,43,31,444
2022-11-28,262,45,31,25,363
2022-11-29,258,70,50,31,409
2022-11-30,267,81,41,25,414
2022-12-01,280,66,38,28,412
2022-12-02,313,78,50,37,478
2022-12-03,334,68,29,38,469
2022-12-04,338,82,41,24,485
2022-12-05,378,102,52,24,556
2022-12-06,331,86,37,34,488
2022-12-07,376,99,57,32,564
2022-12-08,395,97,59,34,585
2022-12-09,304,67,44,38,453
2022-12-10,283,54,54,27,418
2022-12-11,431,118,59,52,660
2022-12-12,353,83,70,32,538
2022-12-13,360,92,64,43,559
2022-12-14,361,82,57,32,532
2022-12-15,423,107,60,43,633
2022-12-16,305,66,55,27,453
2022-12-17,309,82,55,34,480
2022-12-18,381,87,45,45,558
2022-12-19,354,85,63,38,540
2022-12-20,358,111,48,40,557
2022-12-21,346,89,64,37,536
2022-12-22,292,83,40,25,440
2022-12-23,306,56,62,25,449
2022-12-24,380,92,59,42,573
2022-12-25,378,88,55,39,560
2022-12-26,301,91,49,33,474
2022-12-27,369,103,56,30,558
2022-12-28,382,88,53,41,564
2022-12-29,395,98,61,48,602
2022-12-30,294,99,48,20,461
2022-12-31,412,106,72,44,634
2023-01-01,343,73,49,30,495
2023-01-02,302,81,58,32,473
2023-01-03,345,90,61,31,527
2023-01-04,350,87,46,38,521
2023-01-05,365,95,47,34,541
2023-01-06,379,91,70,35,575
2023-01-07,372,102,44,28,546
2023-01-08,295,86,39,42,462
2023-01-09,319,81,60,41,501
2023-01-10,429,119,72,45,665
2023-01-11,390,91,51,38,570
2023-01-12,334,78,55,38,505
2023-01-13,365,106,45,35,551
2023-01-14,338,65,50,33,486
2023-01-15,416,110,54,50,630
2023-01-16,396,104,57,34,591
2023-01-17,360,100,69,43,572
2023-01-18,330,71,50,24,475
2023-01-19,386,95,54,30,565
2023-01-20,382,90,47,23,542
2023-01-21,356,106,66,33,561
2023-01-22,320,84,40,33,477
2023-01-23,372,105,54,36,567
2023-01-24,303,67,43,32,445
2023-01-25,423,97,75,40,635
2023-01-26,383,88,38,42,551
2023-01-27,368,89,55,39,551
2023-01-28,316,73,53,25,467
2023-01-29,389,83,62,38,572
2023-01-30,287,83,37,24,431
2023-01-31,314,89,38,31,472
2023-02-01,354,95,54,33,536
2023-02-02,321,81,39,17,458
2023-02-03,376,103,37,32,548
2023-02-04,388,117,58,35,598
2023-02-05,303,89,40,26,458
2023-02-06,312,68,47,39,466
2023-02-07,373,90,53,29,545
2023-02-08,389,96,56,54,595
2023-02-09,357,81,50,41,529
2023-02-10,314,64,54,28,460
2023-02-11,419,115,59,48,641
2023-02-12,326,90,52,28,496
2023-02-13,329,92,46,30,497
2023-02-14,306,80,62,25,473
2023-02-15,377,108,55,39,579
2023-02-16,325,85,47,37,494
2023-02-17,379,120,61,39,599
2023-02-18,357,85,56,34,532
2023-02-19,467,129,61,52,709
2023-02-20,443,109,49,41,642
2023-02-21,405,101,52,37,595
2023-02-22,394,103,57,37,591
2023-02-23,306,67,58,28,459
2023-02-24,384,111,65,36,596
2023-02-25,373,93,48,38,552
2023-02-26,318,91,43,32,484
2023-02-27,367,89,59,34,549
2023-02-28,384,82,58,48,572
2023-03-01,285,64,46,29,424
2023-03-02,353,93,58,40,544
2023-03-03,389,94,63,48,594
2023-03-04,283,61,51,27,422
2023-03-05,253,71,33,24,381
2023-03-06,336,85,56,31,508
2023-03-07,340,82,56,37,515
2023-03-08,270,78,36,31,415
2023-03-09,277,87,39,25,428
2023-03-10,269,64,46,18,397
2023-03-11,248,51,44,33,376
2023-03-12,336,82,50,39,507
2023-03-13,277,71,49,30,427
2023-03-14,334,93,28,36,491
2023-03-15,256,45,42,32,375
2023-03-16,319,89,60,38,506
2023-03-17,348,94,52,26,520
2023-03-18,278,61,59,26,424
2023-03-19,329,87,49,41,506
2023-03-20,308,78,40,24,450
2023-03-21,261,64,35,22,382
2023-03-22,223,54,21,26,324
2023-03-23,340,70,48,30,488
2023-03-24,333,96,34,33,496
2023-03-25,299,81,46,26,452
2023-03-26,326,73,57,32,488
2023-03-27,338,83,45,26,492
2023-03-28,320,64,50,34,468
2023-03-29,239,68,31,24,362
2023-03-30,320,88,45,27,480
2023-03-31,197,42,27,14,280
2023-04-01,331,83,47,29,490
2023-04-02,320,84,39,39,482
2023-04-03,338,84,56,34,512
2023-04-04,293,76,39,31,439
2023-04-05,270,68,40,25,403
2023-04-06,319,60,43,32,454
2023-04-07,299,64,54,25,442
2023-04-08,329,86,44,41,500
2023-04-09,299,83,52,26,460
2023-04-10,368,89,57,38,552
2023-04-11,310,85,52,22,469
2023-04-12,346,69,60,40,515
2023-04-13,304,71,36,29,440
2023-04-14,268,74,50,33,425
2023-04-15,270,65,27,22,384
2023-04-16,367,107,45,33,552
2023-04-17,315,81,40,33,469
2023-04-18,312,77,51,31,471
2023-04-19,296,72,43,27,438
2023-04-20,370,108,59,35,572
2023-04-21,290,69,52,30,441
2023-04-22,310,81,33,25,449
2023-04-23,221,56,47,33,357
2023-04-24,315,83,32,28,458
2023-04-25,245,55,35,22,357
2023-04-26,212,60,23,22,317
2023-04-27,406,92,40,39,577
2023-04-28,326,101,39,35,501
2023-04-29,324,79,69,24,496
2023-04-30,319,84,56,32,491
2023-05-01,295,69,46,27,437
2023-05-02,304,72,48,30,454
2023-05-03,342,84,37,40,503
2023-05-04,242,53,31,31,357
2023-05-05,225,87,42,23,377
2023-05-06,289,75,47,32,443
2023-05-07,305,77,44,29,455
2023-05-08,353,99,57,20,529
2023-05-09,346,88,51,32,517
2023-05-10,362,99,48,38,547
2023-05-11,286,57,37,32,412
2023-05-12,350,92,58,37,537
2023-05-13,319,84,54,35,492
2023-05-14,337,91,53,39,520
2023-05-15,244,52,35,20,351
2023-05-16,289,70,37,27,423
2023-05-17,228,59,34,18,339
2023-05-18,354,97,40,31,522
2023-05-19,257,54,45,24,380
2023-05-20,285,51,47,22,405
2023-05-21,323,83,59,25,490
2023-05-22,224,57,48,28,357
2023-05-23,327,76,55,27,485
2023-05-24,361,95,62,49,567
2023-05-25,251,57,37,16,361
2023-05-26,294,69,39,30,432
2023-05-27,310,88,46,30,474
2023-05-28,285,72,49,24,430
2023-05-29,263,62,28,22,375
2023-05-30,315,87,49,32,483
2023-05-31,299,73,47,29,448
2023-06-01,299,68,25,29,421
2023-06-02,353,97,60,41,551
2023-06-03,278,71,36,26,411
2023-06-04,407,113,59,38,617
2023-06-05,333,89,38,21,481
2023-06-06,305,64,41,29,439
2023-06-07,345,100,54,36,535
2023-06-08,373,81,64,36,554
2023-06-09,376,83,43,41,543
2023-06-10,329,73,42,38,482
2023-06-11,318,95,40,34,487
2023-06-12,357,95,49,34,535
2023-06-13,398,89,65,37,589
2023-06-14,360,80,33,35,508
2023-06-15,455,121,68,44,688
2023-06-16,337,89,41,39,506
2023-06-17,316,86,50,31,483
2023-06-18,394,104,56,36,590
2023-06-19,325,96,38,25,484
2023-06-20,386,97,59,39,581
2023-06-21,374,108,43,33,558
2023-06-22,325,64,47,40,476
2023-06-23,346,88,41,31,506
2023-06-24,348,83,62,37,530
2023-06-25,319,82,51,37,489
2023-06-26,386,86,51,32,555
2023-06-27,273,72,48,26,419
2023-06-28,360,91,47,46,544
2023-06-29,320,81,64,32,497
2023-06-30,367,88,53,43,551
2023-07-01,316,94,36,30,476
2023-07-02,351,93,39,37,520
2023-07-03,412,89,63,37,601
2023-07-04,402,100,55,42,599
2023-07-05,385,94,63,32,574
2023-07-06,336,88,62,35,521
2023-07-07,365,91,44,39,539
2023-07-08,365,86,50,37,538
2023-07-09,357,88,70,34,549
2023-07-10,295,67,50,28,440
2023-07-11,343,98,62,31,534
2023-07-12,262,75,33,30,400
2023-07-13,301,84,35,33,453
2023-07-14,397,89,56,43,585
2023-07-15,362,96,70,28,556
2023-07-16,417,105,55,35,612
2023-07-17,371,101,54,44,570
2023-07-18,353,88,42,37,520
2023-07-19,347,82,31,35,495
2023-07-20,361,94,64,30,549
2023-07-21,368,103,40,38,549
2023-07-22,331,81,52,30,494
2023-07-23,384,96,48,32,560
2023-07-24,352,76,58,37,523
2023-07-25,312,71,56,26,465
2023-07-26,313,82,53,30,478
2023-07-27,379,108,70,42,599
2023-07-28,331,74,43,35,483
2023-07-29,366,105,60,29,560
2023-07-30,396,89,56,40,581
2023-07-31,418,135,67,40,660
2023-08-01,373,102,53,46,574
2023-08-02,377,99,61,39,576
2023-08-03,405,95,56,34,590
2023-08-04,403,108,64,48,623
2023-08-05,339,91,42,31,503
2023-08-06,371,101,53,36,561
2023-08-07,248,58,44,27,377
2023-08-08,328,82,49,29,488
2023-08-09,357,93,57,33,540
2023-08-10,315,89,43,27,474
2023-08-11,335,79,58,36,508
2023-08-12,350,73,62,36,521
2023-08-13,354,89,38,37,518
2023-08-14,350,73,40,40,503
2023-08-15,385,111,53,29,578
2023-08-16,329,94,48,30,501
2023-08-17,378,99,65,45,587
2023-08-18,328,68,45,34,475
2023-08-19,316,69,50,31,466
2023-08-20,347,79,50,30,506
2023-08-21,385,106,42,33,566
2023-08-22,326,74,48,25,473
2023-08-23,341,75,52,34,502
2023-08-24,395,100,54,38,587
2023-08-25,409,115,50,45,619
2023-08-26,362,79,60,43,544
2023-08-27,325,72,56,33,486
2023-08-28,329,85,52,26,492
2023-08-29,371,104,53,36,564
2023-08-30,307,81,50,30,468
2023-08-31,426,103,68,37,634
2023-09-01,344,84,53,32,513
2023-09-02,389,105,54,30,578
2023-09-03,382,109,46,41,578
2023-09-04,296,76,46,28,446
2023-09-05,297,67,37,25,426
2023-09-06,270,60,45,34,409
2023-09-07,258,66,42,28,394
2023-09-08,273,75,44,21,413
2023-09-09,309,86,40,31,466
2023-09-10,339,82,59,45,525
2023-09-11,300,61,47,33,441
2023-09-12,283,85,31,31,430
2023-09-13,317,96,63,27,503
2023-09-14,303,84,42,30,459
2023-09-15,324,61,48,28,461
2023-09-16,299,89,34,33,455
2023-09-17,248,59,43,26,376
2023-09-18,364,100,51,33,548
2023-09-19,239,51,59,30,379
2023-09-20,249,49,41,27,366
2023-09-21,361,87,53,37,538
2023-09-22,288,49,41,24,402
2023-09-23,288,101,46,27,462
2023-09-24,353,93,56,38,540
2023-09-25,354,77,56,30,517
2023-09-26,285,62,39,27,413
2023-09-27,348,96,42,35,521
2023-09-28,269,54,38,25,386
2023-09-29,354,92,42,32,520
2023-09-30,311,98,33,21,463
2023-10-01,328,85,42,35,490
2023-10-02,245,61,39,29,374
2023-10-03,283,71,35,29,418
2023-10-04,212,48,23,24,307
2023-10-05,323,78,48,25,474
2023-10-06,230,56,55,17,358
2023-10-07,330,92,51,41,514
2023-10-08,289,76,42,35,442
2023-10-09,358,83,43,34,518
2023-10-10,272,67,50,24,413
2023-10-11,293,73,50,18,434
2023-10-12,283,72,52,25,432
2023-10-13,226,62,28,16,332
2023-10-14,246,59,32,13,350
2023-10-15,282,83,47,22,434
2023-10-16,311,77,51,34,473
2023-10-17,311,78,50,38,477
2023-10-18,305,84,46,37,472
2023-10-19,295,65,55,32,447
2023-10-20,279,64,44,30,417
2023-10-21,268,70,53,32,423
2023-10-22,306,85,37,32,460
2023-10-23,371,90,48,33,542
2023-10-24,230,49,31,15,325
2023-10-25,296,83,37,37,453
2023-10-26,256,74,33,29,392
2023-10-27,292,81,45,31,449
2023-10-28,316,70,52,26,464
2023-10-29,335,70,57,27,489
2023-10-30,323,87,42,35,487
2023-10-31,328,76,41,22,467
2023-11-01,327,66,49,31,473
2023-11-02,305,73,43,34,455
2023-11-03,266,69,43,18,396
2023-11-04,269,73,32,25,399
2023-11-05,275,67,43,34,419
2023-11-06,316,65,52,38,471
2023-11-07,271,78,56,32,437
2023-11-08,325,91,49,32,497
2023-11-09,344,101,45,42,532
2023-11-10,301,61,48,19,429
2023-11-11,343,94,46,34,517
2023-11-12,348,81,43,42,514
2023-11-13,436,109,73,50,668
2023-11-14,257,59,48,34,398
2023-11-15,273,59,56,24,412
2023-11-16,279,73,54,32,438
2023-11-17,314,83,47,34,478
2023-11-18,269,64,42,21,396
2023-11-19,313,76,60,39,488
2023-11-20,321,78,47,29,475
2023-11-21,299,67,35,33,434
2023-11-22,271,59,47,23,400
2023-11-23,325,89,48,34,496
2023-11-24,292,71,42,25,430
2023-11-25,311,62,42,29,444
2023-11-26,327,79,48,35,489
2023-11-27,353,81,43,30,507
2023-11-28,265,62,33,20,380
2023-11-29,257,66,43,22,388
2023-11-30,274,59,40,23,396
2023-12-01,264,48,36,27,375
2023-12-02,320,106,50,26,502
2023-12-03,316,61,46,27,450
2023-12-04,354,83,52,32,521
2023-12-05,385,93,72,42,592
2023-12-06,392,101,61,29,583
2023-12-07,351,96,52,28,527
2023-12-08,343,102,61,33,539
2023-12-09,384,92,43,33,552
2023-12-10,362,87,52,34,535
2023-12-11,368,108,72,36,584
2023-12-12,429,92,76,37,634
2023-12-13,304,65,40,26,435
2023-12-14,337,78,46,37,498
2023-12-15,325,83,58,29,495
2023-12-16,341,82,60,35,518
2023-12-17,360,94,45,39,538
2023-12-18,330,79,42,28,479
2023-12-19,393,110,53,41,597
2023-12-20,338,78,50,29,495
2023-12-21,327,75,51,31,484
2023-12-22,315,57,42,33,447
2023-12-23,233,53,30,30,346
2023-12-24,304,79,46,19,448
2023-12-25,345,88,55,54,542
2023-12-26,317,96,45,33,491
2023-12-27,333,79,45,34,491
2023-12-28,295,81,40,23,439
2023-12-29,338,97,46,35,516
2023-12-30,374,101,61,46,582
2023-12-31,372,99,56,43,570
2024-01-01,345,93,50,34,522
2024-01-02,311,80,45,32,468
2024-01-03,428,116,71,40,655
2024-01-04,264,75,46,33,418
2024-01-05,308,74,33,28,443
2024-01-06,379,90,61,36,566
2024-01-07,396,87,60,24,567
2024-01-08,347,70,61,38,516
2024-01-09,377,109,48,46,580
2024-01-10,386,94,66,33,579
2024-01-11,284,64,38,23,409
2024-01-12,389,94,61,36,580
2024-01-13,330,85,34,32,481
2024-01-14,352,107,60,35,554
2024-01-15,394,90,63,40,587
2024-01-16,351,100,58,36,545
2024-01-17,294,63,43,29,429
2024-01-18,304,100,57,33,494
2024-01-19,385,94,50,38,567
2024-01-20,343,73,54,33,503
2024-01-21,311,69,43,40,463
2024-01-22,378,81,60,30,549
2024-01-23,382,90,56,44,572
2024-01-24,305,62,41,35,443
2024-01-25,297,45,40,32,414
2024-01-26,400,95,56,45,596
2024-01-27,257,60,40,27,384
2024-01-28,360,90,34,32,516
2024-01-29,374,83,56,39,552
2024-01-30,357,90,45,34,526
2024-01-31,365,92,50,37,544
2024-02-01,361,69,63,34,527
2024-02-02,344,97,40,30,511
2024-02-03,310,69,60,26,465
2024-02-04,352,90,43,33,518
2024-02-05,347,83,51,32,513
2024-02-06,354,91,67,35,547
2024-02-07,360,96,43,44,543
2024-02-08,373,109,50,46,578
2024-02-09,403,106,62,39,610
2024-02-10,342,86,35,28,491
2024-02-11,384,99,57,44,584
2024-02-12,319,81,33,35,468
2024-02-13,374,97,49,43,563
2024-02-14,382,101,56,41,580
2024-02-15,360,98,67,41,566
2024-02-16,323,84,38,35,480
2024-02-17,379,76,47,36,538
2024-02-18,370,80,58,38,546
2024-02-19,350,79,60,43,532
2024-02-20,332,76,53,31,492
2024-02-21,322,87,33,38,480
2024-02-22,317,75,46,31,469
2024-02-23,286,86,43,30,445
2024-02-24,362,80,58,34,534
2024-02-25,374,72,55,34,535
2024-02-26,342,90,45,30,507
2024-02-27,366,82,61,34,543
2024-02-28,312,74,38,23,447
2024-02-29,250,63,48,26,387
2024-03-01,342,90,47,30,509
2024-03-02,334,65,46,34,479
2024-03-03,356,84,45,38,523
2024-03-04,256,71,30,21,378
2024-03-05,288,66,51,31,436
2024-03-06,348,92,43,33,516
2024-03-07,282,83,32,32,429
2024-03-08,282,88,39,31,440
2024-03-09,355,82,40,26,503
2024-03-10,341,66,48,36,491
2024-03-11,291,77,45,35,448
2024-03-12,253,56,31,29,369
2024-03-13,310,82,55,25,472
2024-03-14,351,102,58,44,555
2024-03-15,245,56,30,28,359
2024-03-16,256,71,49,29,405
2024-03-17,314,68,40,37,459
2024-03-18,312,77,43,21,453
2024-03-19,281,89,31,29,430
2024-03-20,330,69,50,37,486
2024-03-21,320,108,34,37,499
2024-03-22,273,75,44,23,415
2024-03-23,281,51,46,29,407
2024-03-24,344,96,54,35,529
2024-03-25,265,59,49,33,406
2024-03-26,301,75,37,35,448
2024-03-27,276,88,34,25,423
2024-03-28,286,77,41,24,428
2024-03-29,327,88,41,39,495
2024-03-30,331,84,50,35,500
2024-03-31,259,65,21,30,375
2024-04-01,237,74,32,22,365
2024-04-02,298,71,56,17,442
2024-04-03,349,90,42,29,510
2024-04-04,312,68,37,36,453
2024-04-05,286,62,44,23,415
2024-04-06,325,91,53,34,503
2024-04-07,335,83,40,35,493
2024-04-08,387,86,55,40,568
2024-04-09,291,62,52,40,445
2024-04-10,313,69,34,32,448
2024-04-11,315,83,47,28,473
2024-04-12,214,61,39,13,327
2024-04-13,337,89,61,26,513
2024-04-14,265,64,43,35,407
2024-04-15,331,80,41,39,491
2024-04-16,297,90,42,37,466
2024-04-17,268,65,36,25,394
2024-04-18,278,70,36,26,410
2024-04-19,242,39,39,19,339
2024-04-20,274,51,26,20,371
2024-04-21,318,99,43,32,492
2024-04-22,286,72,42,22,422
2024-04-23,357,107,40,30,534
2024-04-24,268,57,44,23,392
2024-04-25,372,104,57,42,575
2024-04-26,308,71,39,31,449
2024-04-27,370,93,42,32,537
2024-04-28,295,72,60,22,449
2024-04-29,279,84,60,25,448
2024-04-30,309,82,47,30,468
2024-05-01,353,62,58,35,508
2024-05-02,253,83,32,23,391
2024-05-03,339,76,46,33,494
2024-05-04,330,84,39,30,483
2024-05-05,272,67,44,29,412
2024-05-06,263,76,41,33,413
2024-05-07,290,83,47,35,455
2024-05-08,291,71,61,33,456
2024-05-09,342,72,40,35,489
2024-05-10,284,64,43,36,427
2024-05-11,365,79,53,32,529
2024-05-12,295,69,40,23,427
2024-05-13,339,79,27,44,489
2024-05-14,388,93,58,32,571
2024-05-15,338,103,51,38,530
2024-05-16,320,66,44,32,462
2024-05-17,319,77,47,31,474
2024-05-18,330,71,43,26,470
2024-05-19,365,70,63,43,541
2024-05-20,313,52,44,30,439
2024-05-21,269,62,52,30,413
2024-05-22,245,45,34,23,347
2024-05-23,340,79,55,43,517
2024-05-24,325,80,47,30,482
2024-05-25,313,71,47,31,462
2024-05-26,268,53,42,26,389
2024-05-27,333,77,59,28,497
2024-05-28,340,67,54,36,497
2024-05-29,276,73,51,16,416
2024-05-30,318,54,39,39,450
2024-05-31,300,63,43,40,446
2024-06-01,267,56,52,35,410
2024-06-02,262,53,56,34,405
2024-06-03,322,72,47,31,472
2024-06-04,347,101,59,29,536
2024-06-05,434,111,70,50,665
2024-06-06,370,92,51,29,542
2024-06-07,423,130,48,42,643
2024-06-08,389,98,57,32,576
2024-06-09,340,77,33,39,489
2024-06-10,413,103,63,46,625
2024-06-11,322,89,45,38,494
2024-06-12,393,100,48,40,581
2024-06-13,344,79,45,29,497
2024-06-14,418,117,78,35,648
2024-06-15,374,80,50,32,536
2024-06-16,361,86,62,39,548
2024-06-17,430,92,74,48,644
2024-06-18,353,98,55,34,540
2024-06-19,330,75,65,33,503
2024-06-20,346,78,45,40,509
2024-06-21,323,76,48,32,479
2024-06-22,333,87,55,36,511
2024-06-23,352,85,62,39,538
2024-06-24,306,80,30,30,446
2024-06-25,385,86,51,42,564
2024-06-26,314,72,51,28,465
2024-06-27,308,84,49,32,473
2024-06-28,330,86,48,35,499
2024-06-29,378,92,48,37,555
2024-06-30,332,71,51,34,488
2024-07-01,372,88,59,39,558
2024-07-02,375,85,57,39,556
2024-07-03,315,57,48,42,462
2024-07-04,308,69,49,32,458
2024-07-05,452,100,73,48,673
2024-07-06,301,78,53,34,466
2024-07-07,310,85,45,31,471
2024-07-08,349,85,61,34,529
2024-07-09,383,91,58,44,576
2024-07-10,394,89,78,40,601
2024-07-11,348,85,56,38,527
2024-07-12,379,105,63,36,583
2024-07-13,350,90,59,33,532
2024-07-14,379,109,49,33,570
2024-07-15,361,93,49,42,545
2024-07-16,365,91,43,29,528
2024-07-17,414,82,70,40,606
2024-07-18,416,127,60,41,644
2024-07-19,411,119,48,32,610
2024-07-20,354,94,57,40,545
2024-07-21,297,51,51,25,424
2024-07-22,346,87,58,33,524
2024-07-23,347,85,49,27,508
2024-07-24,401,105,62,40,608
2024-07-25,316,77,29,32,454
2024-07-26,382,80,52,39,553
2024-07-27,408,97,55,30,590
2024-07-28,369,112,57,36,574
2024-07-29,366,91,48,40,545
2024-07-30,398,99,51,46,594
2024-07-31,375,88,64,35,562
2024-08-01,331,75,35,35,476
2024-08-02,302,63,28,29,422
2024-08-03,365,87,46,30,528
2024-08-04,345,80,54,30,509
2024-08-05,433,121,69,41,664
2024-08-06,384,93,57,36,570
2024-08-07,394,100,51,34,579
2024-08-08,263,49,29,27,368
2024-08-09,334,88,50,23,495
2024-08-10,414,111,54,43,622
2024-08-11,336,84,40,24,484
2024-08-12,327,80,45,26,478
2024-08-13,352,90,52,36,530
2024-08-14,350,99,43,37,529
2024-08-15,373,98,54,34,559
2024-08-16,362,76,46,34,518
2024-08-17,388,100,50,37,575
2024-08-18,388,89,66,31,574
2024-08-19,430,115,73,40,658
2024-08-20,338,70,46,36,490
2024-08-21,381,84,54,37,556
2024-08-22,303,81,39,29,452
2024-08-23,334,75,50,32,491
2024-08-24,352,80,55,43,530
2024-08-25,382,105,46,38,571
2024-08-26,381,80,51,44,556
2024-08-27,375,96,43,36,550
2024-08-28,334,85,35,28,482
2024-08-29,346,91,34,33,504
2024-08-30,370,100,61,39,570
2024-08-31,322,61,45,37,465
2024-09-01,380,102,60,39,581
2024-09-02,323,79,61,27,490
2024-09-03,454,110,78,38,680
2024-09-04,311,70,35,32,448
2024-09-05,291,64,31,28,414
2024-09-06,297,79,52,29,457
2024-09-07,348,89,49,26,512
2024-09-08,310,74,54,33,471
2024-09-09,233,59,40,30,362
2024-09-10,330,90,49,34,503
2024-09-11,301,61,42,26,430
2024-09-12,287,84,38,16,425
2024-09-13,278,78,46,29,431
2024-09-14,274,55,45,23,397
2024-09-15,380,100,52,34,566
2024-09-16,297,71,53,30,451
2024-09-17,263,84,39,30,416
2024-09-18,277,72,44,18,411
2024-09-19,308,89,43,25,465
2024-09-20,300,75,47,30,452
2024-09-21,393,112,63,34,602
2024-09-22,375,110,81,31,597
2024-09-23,330,61,53,30,474
2024-09-24,353,80,39,32,504
2024-09-25,238,67,19,23,347
2024-09-26,220,51,46,23,340
2024-09-27,280,69,42,30,421
2024-09-28,272,73,19,24,388
2024-09-29,301,81,45,23,450
2024-09-30,212,54,31,18,315
2024-10-01,298,81,40,29,448
2024-10-02,336,69,35,37,477
2024-10-03,264,62,33,25,384
2024-10-04,381,103,64,31,579
2024-10-05,286,43,36,33,398
2024-10-06,314,76,46,27,463
2024-10-07,299,82,31,31,443
2024-10-08,299,70,50,43,462
2024-10-09,356,92,47,36,531
2024-10-10,290,74,35,30,429
2024-10-11,306,80,53,29,468
2024-10-12,322,83,40,33,478
2024-10-13,269,60,41,28,398
2024-10-14,254,74,42,21,391
2024-10-15,245,59,33,25,362
2024-10-16,265,46,36,24,371
2024-10-17,267,59,53,17,396
2024-10-18,379,92,63,38,572
2024-10-19,307,72,37,37,453
2024-10-20,344,88,61,29,522
2024-10-21,354,82,52,35,523
2024-10-22,278,61,52,32,423
2024-10-23,312,80,44,37,473
2024-10-24,299,77,54,26,456
2024-10-25,376,78,69,35,558
2024-10-26,291,53,40,23,407
2024-10-27,283,69,50,29,431
2024-10-28,322,69,41,41,473
2024-10-29,326,98,46,32,502
2024-10-30,321,92,47,30,490
2024-10-31,292,76,50,29,447
2024-11-01,310,93,49,32,484
2024-11-02,264,39,42,25,370
2024-11-03,332,85,49,38,504
2024-11-04,286,64,50,27,427
2024-11-05,298,69,39,30,436
2024-11-06,282,75,40,19,416
2024-11-07,294,81,41,28,444
2024-11-08,272,60,28,26,386
2024-11-09,307,67,44,33,451
2024-11-10,304,79,60,28,471
2024-11-11,303,70,38,27,438
2024-11-12,286,75,61,25,447
2024-11-13,236,58,38,24,356
2024-11-14,378,70,37,35,520
2024-11-15,321,64,24,34,443
2024-11-16,330,71,41,28,470
2024-11-17,337,77,54,19,487
2024-11-18,260,53,36,23,372
2024-11-19,321,61,48,34,464
2024-11-20,317,74,50,22,463
2024-11-21,279,78,41,33,431
2024-11-22,299,79,59,31,468
2024-11-23,322,80,35,38,475
2024-11-24,252,68,25,19,364
2024-11-25,335,80,61,33,509
2024-11-26,262,74,34,29,399
2024-11-27,281,54,43,39,417
2024-11-28,324,80,57,33,494
2024-11-29,334,72,51,38,495
2024-11-30,302,89,44,25,460
2024-12-01,289,69,49,27,434
2024-12-02,306,81,48,20,455
2024-12-03,302,84,44,27,457
2024-12-04,246,50,20,24,340
2024-12-05,312,68,46,33,459
2024-12-06,407,86,70,45,608
2024-12-07,330,84,45,33,492
2024-12-08,405,107,64,38,614
2024-12-09,358,87,63,28,536
2024-12-10,352,89,44,31,516
2024-12-11,310,63,38,34,445
2024-12-12,323,64,43,35,465
2024-12-13,367,87,55,27,536
2024-12-14,369,96,52,41,558
2024-12-15,331,94,50,31,506
2024-12-16,345,85,61,29,520
2024-12-17,314,88,42,35,479
2024-12-18,425,102,69,36,632
2024-12-19,409,104,65,37,615
2024-12-20,350,92,35,33,510
2024-12-21,440,111,81,49,681
2024-12-22,293,73,43,21,430
2024-12-23,402,94,44,40,580
2024-12-24,329,65,52,36,482
2024-12-25,385,93,62,41,581
2024-12-26,316,70,49,37,472
2024-12-27,340,105,46,34,525
2024-12-28,388,99,44,36,567
2024-12-29,354,89,61,38,542
2024-12-30,291,93,46,25,455
2024-12-31,352,89,47,36,524
2025-01-01,335,79,44,26,484
2025-01-02,342,91,55,38,526
2025-01-03,348,81,58,28,515
2025-01-04,372,83,64,41,560
2025-01-05,343,96,44,36,519
2025-01-06,300,83,44,28,455
2025-01-07,381,104,51,37,573
2025-01-08,352,63,54,38,507
2025-01-09,342,66,48,23,479
2025-01-10,416,93,72,46,627
2025-01-11,388,85,61,34,568
2025-01-12,359,84,39,24,506
2025-01-13,403,95,56,43,597
2025-01-14,431,105,61,45,642
2025-01-15,239,61,40,27,367
2025-01-16,287,64,36,29,416
2025-01-17,344,100,47,31,522
2025-01-18,420,107,73,43,643
2025-01-19,380,81,44,41,546
2025-01-20,376,112,63,43,594
2025-01-21,345,74,58,36,513
2025-01-22,365,95,57,42,559
2025-01-23,411,108,68,43,630
2025-01-24,349,94,41,40,524
2025-01-25,330,85,42,35,492
2025-01-26,352,72,56,32,512
2025-01-27,397,99,62,34,592
2025-01-28,322,75,55,40,492
2025-01-29,307,87,28,24,446
2025-01-30,370,78,42,39,529
2025-01-31,321,84,53,33,491
2025-02-01,396,98,49,44,587
2025-02-02,307,67,44,26,444
2025-02-03,355,92,56,31,534
2025-02-04,351,98,56,45,550
2025-02-05,414,114,50,45,623
2025-02-06,337,78,51,38,504
2025-02-07,351,78,58,31,518
2025-02-08,370,89,53,40,552
2025-02-09,302,94,30,27,453
2025-02-10,342,91,50,33,516
2025-02-11,346,84,63,38,531
2025-02-12,334,73,49,31,487
2025-02-13,322,84,43,35,484
2025-02-14,294,90,36,30,450
2025-02-15,379,89,63,31,562
2025-02-16,419,104,58,40,621
2025-02-17,389,91,52,37,569
2025-02-18,343,103,46,38,530
2025-02-19,370,82,55,40,547
2025-02-20,400,111,68,44,623
2025-02-21,397,88,54,40,579
2025-02-22,412,81,61,41,595
2025-02-23,347,99,55,41,542
2025-02-24,369,101,68,43,581
2025-02-25,368,89,52,39,548
2025-02-26,363,82,54,26,525
2025-02-27,446,106,67,43,662
2025-02-28,382,67,57,37,543
2025-03-01,347,104,44,38,533
2025-03-02,410,115,56,37,618
2025-03-03,376,98,44,34,552
2025-03-04,299,83,39,15,436
2025-03-05,324,68,32,18,442
2025-03-06,343,87,49,41,520
2025-03-07,310,93,35,30,468
2025-03-08,202,48,28,23,301
2025-03-09,248,68,42,35,393
2025-03-10,296,64,46,25,431
2025-03-11,380,92,52,35,559
2025-03-12,290,70,38,37,435
2025-03-13,286,71,48,20,425
2025-03-14,352,77,59,30,518
2025-03-15,316,90,54,32,492
2025-03-16,271,61,52,23,407
2025-03-17,233,64,28,18,343
2025-03-18,212,48,31,22,313
2025-03-19,357,94,52,34,537
2025-03-20,304,88,46,28,466
2025-03-21,288,57,48,31,424
2025-03-22,256,62,49,23,390
2025-03-23,294,73,39,32,438
2025-03-24,308,80,46,30,464
2025-03-25,323,92,54,32,501
2025-03-26,393,103,59,37,592
2025-03-27,321,48,49,29,447
2025-03-28,398,99,50,39,586
2025-03-29,284,75,44,33,436
2025-03-30,239,60,24,27,350
2025-03-31,355,93,53,37,538
2025-04-01,381,92,58,32,563
2025-04-02,282,71,51,26,430
2025-04-03,319,75,43,33,470
2025-04-04,226,69,28,26,349
2025-04-05,241,66,41,26,374
2025-04-06,280,72,32,26,410
2025-04-07,349,95,52,30,526
2025-04-08,297,74,25,33,429
2025-04-09,320,92,39,16,467
2025-04-10,294,76,30,24,424
2025-04-11,383,92,63,35,573
2025-04-12,250,60,35,23,368
2025-04-13,298,77,43,23,441
2025-04-14,309,57,29,34,429
2025-04-15,353,87,41,31,512
2025-04-16,306,60,39,33,438
2025-04-17,338,80,56,24,498
2025-04-18,304,67,48,29,448
2025-04-19,348,78,57,33,516
2025-04-20,293,71,37,29,430
2025-04-21,330,84,50,36,500
2025-04-22,344,75,58,28,505
2025-04-23,341,91,35,34,501
2025-04-24,286,63,53,25,427
2025-04-25,293,74,49,28,444
2025-04-26,386,101,40,35,562
2025-04-27,312,82,25,43,462
2025-04-28,317,80,57,43,497
2025-04-29,384,105,58,37,584
2025-04-30,301,66,39,23,429
2025-05-01,300,58,46,29,433
2025-05-02,278,64,66,34,442
2025-05-03,226,58,29,17,330
2025-05-04,287,76,37,33,433
2025-05-05,323,94,41,34,492
2025-05-06,355,84,47,43,529
2025-05-07,298,80,38,23,439
2025-05-08,254,62,29,25,370
2025-05-09,297,63,49,32,441
2025-05-10,271,57,32,25,385
2025-05-11,350,96,48,29,523
2025-05-12,314,70,42,38,464
2025-05-13,399,101,49,40,589
2025-05-14,340,81,61,40,522
2025-05-15,332,86,54,40,512
2025-05-16,327,76,45,33,481
2025-05-17,293,71,52,18,434
2025-05-18,297,85,40,32,454
2025-05-19,317,91,55,24,487
2025-05-20,319,77,48,28,472
2025-05-21,350,97,46,28,521
2025-05-22,317,83,49,37,486
2025-05-23,336,93,53,26,508
2025-05-24,326,92,48,35,501
2025-05-25,248,51,36,26,361
2025-05-26,317,76,40,37,470
2025-05-27,367,106,67,36,576
2025-05-28,251,41,25,18,335
2025-05-29,346,87,55,23,511
2025-05-30,291,81,45,28,445
2025-05-31,294,89,42,29,454
2025-06-01,259,88,22,29,398
2025-06-02,288,77,37,28,430
2025-06-03,369,123,61,32,585
2025-06-04,338,79,36,32,485
2025-06-05,312,65,55,33,465
2025-06-06,321,78,60,35,494
2025-06-07,404,98,61,37,600
2025-06-08,276,89,42,29,436
2025-06-09,331,75,48,25,479
2025-06-10,383,83,49,36,551
2025-06-11,359,89,43,42,533
2025-06-12,368,97,60,48,573
2025-06-13,439,102,78,45,664
2025-06-14,366,74,53,32,525
2025-06-15,391,108,42,38,579
2025-06-16,366,89,60,38,553
2025-06-17,339,82,41,28,490
2025-06-18,330,82,48,30,490
2025-06-19,364,101,51,29,545
2025-06-20,383,93,57,46,579
2025-06-21,378,97,47,36,558
2025-06-22,377,78,58,38,551
2025-06-23,346,96,54,41,537
2025-06-24,365,92,55,31,543
2025-06-25,350,110,52,37,549
2025-06-26,375,86,41,33,535
2025-06-27,350,104,51,33,538
2025-06-28,401,89,54,40,584
2025-06-29,365,96,56,36,553
2025-06-30,378,96,48,38,560
2025-07-01,313,79,43,43,478
2025-07-02,323,66,47,34,470
2025-07-03,435,102,52,47,636
2025-07-04,299,70,42,29,440
2025-07-05,399,92,57,39,587
2025-07-06,363,91,57,40,551
2025-07-07,372,97,43,37,549
2025-07-08,321,87,42,28,478
2025-07-09,359,95,62,33,549
2025-07-10,361,91,53,35,540
2025-07-11,394,101,77,35,607
2025-07-12,389,91,51,38,569
2025-07-13,410,131,60,35,636
2025-07-14,354,67,52,35,508
2025-07-15,370,102,51,36,559
2025-07-16,327,70,51,26,474
2025-07-17,326,71,53,41,491
2025-07-18,319,61,46,31,457
2025-07-19,321,75,46,33,475
2025-07-20,410,82,58,42,592
2025-07-21,364,108,49,36,557
2025-07-22,411,96,46,38,591
2025-07-23,411,99,54,45,609
2025-07-24,383,90,58,42,573
2025-07-25,424,114,72,39,649
2025-07-26,320,80,48,26,474
2025-07-27,395,102,62,42,601
2025-07-28,319,74,43,25,461
2025-07-29,412,103,60,36,611
2025-07-30,449,101,63,46,659
2025-07-31,411,112,76,43,642
2025-08-01,342,82,53,44,521
2025-08-02,325,93,50,36,504
2025-08-03,363,82,60,39,544
2025-08-04,387,96,53,30,566
2025-08-05,405,105,53,37,600
2025-08-06,393,83,52,33,561
2025-08-07,290,65,30,39,424
2025-08-08,407,93,63,42,605
2025-08-09,400,91,68,37,596
2025-08-10,331,89,59,46,525
2025-08-11,344,92,48,38,522
2025-08-12,297,61,38,30,426
2025-08-13,337,90,58,36,521
2025-08-14,420,109,53,48,630
2025-08-15,351,96,65,37,549
2025-08-16,291,63,54,28,436
2025-08-17,356,96,58,36,546
2025-08-18,324,77,55,35,491
2025-08-19,396,109,58,35,598
2025-08-20,325,71,46,38,480
2025-08-21,346,88,46,33,513
2025-08-22,365,89,53,39,546
2025-08-23,410,90,70,42,612
2025-08-24,403,100,56,41,600
2025-08-25,403,83,56,39,581
2025-08-26,350,99,46,32,527
2025-08-27,323,72,45,36,476
2025-08-28,314,82,33,28,457
2025-08-29,329,98,47,21,495
2025-08-30,302,75,50,32,459
2025-08-31,377,105,52,42,576
2025-09-01,264,56,25,25,370
2025-09-02,311,78,47,26,462
2025-09-03,367,76,65,35,543
2025-09-04,291,88,33,23,435
2025-09-05,301,74,48,33,456
2025-09-06,380,72,61,35,548
2025-09-07,311,71,39,39,460
2025-09-08,349,87,63,27,526
2025-09-09,242,38,30,25,335
2025-09-10,273,69,29,31,402
2025-09-11,320,87,32,33,472
2025-09-12,300,71,49,30,450
2025-09-13,281,70,29,33,413
2025-09-14,306,87,41,27,461
2025-09-15,250,71,31,28,380
2025-09-16,309,57,41,25,432
2025-09-17,323,68,55,31,477
2025-09-18,306,83,53,30,472
2025-09-19,248,44,31,21,344
2025-09-20,308,73,51,27,459
2025-09-21,291,84,46,28,449
2025-09-22,268,60,33,24,385
2025-09-23,353,86,42,44,525
2025-09-24,244,46,33,24,347
2025-09-25,380,83,64,44,571
2025-09-26,262,62,31,25,380
2025-09-27,305,82,54,26,467
2025-09-28,257,64,40,26,387
2025-09-29,256,65,50,27,398
2025-09-30,292,67,42,37,438
2025-10-01,306,76,42,36,460
2025-10-02,356,93,54,35,538
2025-10-03,257,71,39,27,394
2025-10-04,290,68,40,34,432
2025-10-05,325,102,52,26,505
2025-10-06,249,55,19,32,355
2025-10-07,298,79,46,22,445
2025-10-08,273,76,32,14,395
2025-10-09,301,73,46,33,453
2025-10-10,344,88,61,26,519
2025-10-11,324,87,38,24,473
2025-10-12,280,63,48,24,415
2025-10-13,291,66,52,29,438
2025-10-14,310,76,56,27,469
2025-10-15,335,85,48,46,514
2025-10-16,298,70,34,34,436
2025-10-17,319,96,57,30,502
2025-10-18,311,61,62,33,467
2025-10-19,316,92,39,33,480
2025-10-20,316,85,46,24,471
2025-10-21,336,94,50,37,517
2025-10-22,264,65,34,30,393
2025-10-23,267,73,48,30,418
2025-10-24,333,73,49,30,485
2025-10-25,276,65,33,17,391
2025-10-26,259,66,28,25,378
2025-10-27,330,92,62,34,518
2025-10-28,288,64,38,15,405
2025-10-29,311,93,42,29,475
2025-10-30,289,76,52,20,437
